"Reference","Qty","Value","DNP","Exclude from BOM","Exclude from Board","Footprint","Mouser","Datasheet"
"U4","1","AMS1117-5.0","","","","Package_TO_SOT_SMD:SOT-223-3_TabPin2","https://www.digikey.com/en/products/detail/evvo/AMS1117-5-0/24370130?msockid=296c27e99e7f65b5245f33e99fb164b5","http://www.advanced-monolithic.com/pdf/ds1117.pdf"
"U5","1","TPS562200","","","","Package_TO_SOT_SMD:SOT-23-6","https://www.ti.com/product/TPS562200#order-quality","http://www.ti.com/lit/ds/symlink/tps563200.pdf"
"Y2","1","ABS04W-32.768KHZ-6-D2-T5","","","","Library:ABS04W32768KHZ6D2T5","https://br.mouser.com/ProductDetail/ABRACON/ABS04W-32.768KHZ-6-D2-T5?qs=lc2O%252BfHJPVZbxXtU7CitfQ%3D%3D","https://abracon.com/datasheets/ABS04W.pdf"
"D1","1","D_Schottky","","","","Diode_SMD:D_SOD-123","https://br.mouser.com/ProductDetail/Diodes-Incorporated/B130-13-F?qs=ktxrFkbdJI2hK4V%252BoGYiAQ%3D%3D","https://br.mouser.com/datasheet/3/175/1/B120_B-B160_B.pdf"
"D3","1","GREEN","","","","LED_SMD:LED_0603_1608Metric","https://br.mouser.com/ProductDetail/LITEON/LTST-C190KRKT?qs=kAD5fFa1n5VY3YYNWPC1Fg%3D%3D","https://br.mouser.com/datasheet/3/281/1/LTST_C190KRKT.pdf"
"D2","1","BLUE","","","","LED_SMD:LED_0603_1608Metric","https://br.mouser.com/ProductDetail/LITEON/LTST-C191KGKT?qs=xSPZu9B1aMCRQ5ACasEYAg%3D%3D","https://br.mouser.com/datasheet/3/281/1/LTST_C191KGKT.pdf"
"R1,R2,R4,R10","4","10k","","","","Resistor_SMD:R_0402_1005Metric","https://br.mouser.com/ProductDetail/YAGEO/RT0402WRD0710KL?qs=sGAEpiMZZMtlubZbdhIBIKm0gsRX2fVkPtJrda2Ff6E%3D","https://br.mouser.com/datasheet/3/72/1/PYU_RT_1_TO_0_01_ROHS_L.pdf"
"R5,R8","2","1k","","","","Resistor_SMD:R_0402_1005Metric","https://br.mouser.com/ProductDetail/YAGEO/RT0402FRE101KL?qs=sGAEpiMZZMtlubZbdhIBIAA5Rg%252BBqQHD7mjXBFGz9ek%3D","https://br.mouser.com/datasheet/3/72/1/PYU_RT_1_TO_0_01_ROHS_L.pdf"
"L1","1","3.3uH","","","","Inductor_SMD:L_0603_1608Metric","https://br.mouser.com/ProductDetail/Murata-Electronics/LQG18HN3N3S00D?qs=V1L9lRAtZIsXjR1FhNU%2FOg%3D%3D","https://br.mouser.com/datasheet/3/76/2/JELF243B_0002.pdf"
"C15","1","22uF","","","","Capacitor_SMD:C_0201_0603Metric","https://br.mouser.com/ProductDetail/Murata-Electronics/ZRB18AR61C226ME01L?qs=efUn273yAhcxR6u%2FM9pwTA%3D%3D","https://br.mouser.com/datasheet/3/76/4/ZRB18AR61C226ME01_01A.pdf"
"J4","1","Conn_01x04_Socket","","","","Connector_PinHeader_2.54mm:PinHeader_1x04_P2.54mm_Horizontal","https://br.mouser.com/ProductDetail/Amphenol-FCI/68016-104HLF?qs=osVJq4lsVJfDBI492VbuXg%3D%3D","https://cdn.amphenol-cs.com/media/wysiwyg/files/drawing/68015.pdf"
"J3","1","Conn_02x03_Odd_Even","","","","Connector_PinHeader_2.54mm:PinHeader_2x03_P2.54mm_Vertical","https://br.mouser.com/ProductDetail/Amphenol-FCI/10129381-906003BLF?qs=0lQeLiL1qyZ7JYcgNNj6Ww%3D%3D","https://cdn.amphenol-cs.com/media/wysiwyg/files/drawing/10129381.pdf"
"R3","1","33.2k","","","","Resistor_SMD:R_0402_1005Metric","https://br.mouser.com/ProductDetail/Panasonic/ERA-2APB3322X?qs=sGAEpiMZZMtlubZbdhIBIJbZkSP4ViN1kIl%252ByDdQFxA%3D","https://industrial.panasonic.com/cdbs/www-data/pdf/RDM0000/AOA0000C307.pdf"
"R6,R7","2","4.7k","","","","Resistor_SMD:R_0402_1005Metric","https://br.mouser.com/ProductDetail/Panasonic/ERA-2ARC472X?qs=sGAEpiMZZMtlubZbdhIBIAJzGQ31d3NR6LBc%252BrvOaSU%3D","https://industrial.panasonic.com/cdbs/www-data/pdf/RDM0000/AOA0000C307.pdf"
"SW1","1","BOOT0","","","","Button_Switch_SMD:SW_SPST_B3U-1000P","https://br.mouser.com/ProductDetail/Omron-Electronics/B3U-1000P?qs=AO7BQMcsEu4ip80xyf2FwA%3D%3D","https://omronfs.omron.com/en_US/ecb/products/pdf/en-b3u.pdf"
"SW2","1","NRST","","","","Button_Switch_SMD:SW_SPST_B3U-1000P","https://br.mouser.com/ProductDetail/Omron-Electronics/B3U-1000P?qs=AO7BQMcsEu4ip80xyf2FwA%3D%3D","https://omronfs.omron.com/en_US/ecb/products/pdf/en-b3u.pdf"
"C3,C6","2","4.7uF","","","","Capacitor_SMD:C_0402_1005Metric","https://br.mouser.com/ProductDetail/Murata-Electronics/GRM155D70G475ME15J?qs=ufv2HEpFn%252BRQY4ayFxe6Yw%3D%3D","https://pim.murata.com/asset/pim4/ceramicCapacitorSMD/GRM155D70G475ME15-01A-EN_PDF_CERAMICCAPACITORSMD"
"J1,J2","2","Conn_01x15_Socket","","","","Connector_PinHeader_2.54mm:PinHeader_1x15_P2.54mm_Vertical","https://br.mouser.com/ProductDetail/Molex/22-28-4153?qs=GAPJcf4kvdsoj3RPHU9ocw%3D%3D","https://www.molex.com/en-us/products/part-detail-pdf/22284153?display=pdf"
"J5","1","USB_C_Receptacle_USB2.0_16P","","","","Connector_USB:USB_C_Receptacle_GCT_USB4105-xx-A_16P_TopMnt_Horizontal","https://br.mouser.com/ProductDetail/GCT/USB4110-GF-A?qs=KUoIvG%2F9IlYiZvIXQjyJeA%3D%3D","https://www.mouser.com/catalog/specsheets/GCT_USB4110%20Product%20Drawing%20-%2020k%20cycles.pdf"
"C13,C14,C16,C17","4","10uF","","","","Capacitor_SMD:C_0402_1005Metric","https://br.mouser.com/ProductDetail/KYOCERA-AVX/CM05X5R106M10AH?qs=MyNHzdoqoQKSCgSEDR5Ylg%3D%3D","https://www.mouser.com/catalog/specsheets/KYOCERA_CM105.pdf"
"C11,C12","2","7pF","","","","Capacitor_SMD:C_0201_0603Metric","https://br.mouser.com/ProductDetail/TAIYO-YUDEN/MCASU105SCH070CFNA01?qs=HFfMDpzxxd2cC3ynBSuOyw%3D%3D","https://www.mouser.com/catalog/specsheets/TAIYO-YUDEN_04-29-2024_MCASU105SCH070CFNA01_SS.pdf"
"C9","1","10nF","","","","Capacitor_SMD:C_0402_1005Metric","https://br.mouser.com/ProductDetail/TAIYO-YUDEN/MAASE105SB7103KFNA01?qs=tlsG%2FOw5FFinauqc6h6%2F2w%3D%3D","https://www.mouser.com/catalog/specsheets/Taiyo_Yuden_c_mlcc_A_e_1.pdf"
"C10","1","1uF","","","","Capacitor_SMD:C_0402_1005Metric","https://br.mouser.com/ProductDetail/TAIYO-YUDEN/MAASU105SB7102KFNA01?qs=tlsG%2FOw5FFgCHJJNVSebTA%3D%3D","https://www.mouser.com/catalog/specsheets/Taiyo_Yuden_c_mlcc_A_e_1.pdf"
"C1,C2,C4,C5,C7,C8","6","100nF","","","","Capacitor_SMD:C_0402_1005Metric","https://br.mouser.com/ProductDetail/TAIYO-YUDEN/MSASL1LHXB5104MRNA01?qs=tlsG%2FOw5FFhZoWYPo1dviw%3D%3D","https://www.mouser.com/catalog/specsheets/Tayio_Yuden_1102023_MS_mlcc_all_e.pdf"
"R9","1","5K100","","","","Resistor_SMD:R_0603_1608Metric_Pad0.98x0.95mm_HandSolder","https://br.mouser.com/ProductDetail/YAGEO/RC0603FR-075K1L?qs=gt6vzsuosg2jUUwxnI2PJQ%3D%3D","https://www.mouser.com/catalog/specsheets/YAGEO_PYu_RC_Group_51_RoHS_L_12.pdf"
"U1","1","STM32L432KCUx","","","","Package_DFN_QFN:QFN-32-1EP_5x5mm_P0.5mm_EP3.45x3.45mm","https://br.mouser.com/ProductDetail/STMicroelectronics/STM32L432KCU6TR?qs=i8QVZAFTkqTj04e5KasMPw%3D%3D","https://www.st.com/resource/en/datasheet/stm32l432kc.pdf"
"U2","1","USBLC6-2SC6","","","","Package_TO_SOT_SMD:SOT-23-6","https://br.mouser.com/ProductDetail/STMicroelectronics/USBLC6-2SC6?qs=po45yt2pPpu%2FhNIlwQdTlg%3D%3D","https://www.st.com/resource/en/datasheet/usblc6-2.pdf"
